data;id;command
2021-03-12;1180575903;–ü–æ—Ä—Ç—Ñ–æ–ª–∏–æ
2021-03-12;1180575903;–û—Ç–∑—ã–≤—ã
2021-03-12;1180575903;–£—Å–ª—É–≥–∏
2021-03-12;1180575903;–¶–µ–Ω—ã
2021-03-12;1180575903;–°–¥–µ–ª–∞—Ç—å –∑–∞–∫–∞–∑
2021-03-12;1180575903;–ü–æ—Ä—Ç—Ñ–æ–ª–∏–æ
2021-03-12;1180575903;–ü–æ—Ä—Ç—Ñ–æ–ª–∏–æ
2021-03-13;1180575903;–ü–æ—Ä—Ç—Ñ–æ–ª–∏–æ
2021-03-13;1180575903;–ü–æ—Ä—Ç—Ñ–æ–ª–∏–æ
2021-03-13;1180575903;–£—Å–ª—É–≥–∏
2021-03-13;1180575903;–û—Ç–∑—ã–≤—ã
2021-03-13;1180575903;–¶–µ–Ω—ã
2021-03-13;1180575903;–ü–æ—Ä—Ç—Ñ–æ–ª–∏–æ2021-03-18;892145975;/start
2021-03-18;892145975;/start
2021-03-18;1180575903;–ü–æ—Ä—Ç—Ñ–æ–ª–∏–æ
2021-03-18;725100936;–û—Ç–∑—ã–≤—ã
2021-03-18;725100936;–ü–æ—Ä—Ç—Ñ–æ–ª–∏–æ
2021-03-18;725100936;–û—Ç–∑—ã–≤—ã
2021-03-18;725100936;–£—Å–ª—É–≥–∏
2021-03-18;725100936;–¶–µ–Ω—ã
2021-03-18;725100936;–£—Å–ª—É–≥–∏
2021-03-18;1180575903;–ü–æ—Ä—Ç—Ñ–æ–ª–∏–æ
2021-03-18;1180575903;–ü–æ—Ä—Ç—Ñ–æ–ª–∏–æ
2021-03-18;1180575903;–û—Ç–∑—ã–≤—ã
2021-03-18;1180575903;–û—Ç–∑—ã–≤—ã
2021-03-18;1180575903;–ü–æ—Ä—Ç—Ñ–æ–ª–∏–æ
2021-03-18;1180575903;–û—Ç–∑—ã–≤—ã
2021-03-19;1180575903;üí¨–û—Ç–∑—ã–≤—ã
2021-03-19;725100936;üóÇ–ü–æ—Ä—Ç—Ñ–æ–ª–∏–æ
2021-03-19;725100936;üí¨–û—Ç–∑—ã–≤—ã
2021-03-19;725100936;üîñ–£—Å–ª—É–≥–∏
2021-03-19;725100936;üí≥–¶–µ–Ω—ã
